date,region,product,units,revenue
2026-09-21,华东,智能手环,199,56823.8
2026-09-08,华南,智能手环,183,57350.72
2026-09-18,华东,机械键盘,18,8137.33
2026-09-07,华南,智能手环,153,42991.55
2026-09-21,华西,蓝牙耳机,124,25116.54
2026-09-26,华东,蓝牙耳机,188,36832.97
2026-09-09,华南,蓝牙耳机,96,17584.13
2026-09-13,华东,移动电源,98,14904.92
2026-09-26,华东,机械键盘,147,67848.97
2026-09-13,华东,移动电源,170,25930.42
2026-09-28,华北,蓝牙耳机,190,34554.98
2026-09-22,华南,移动电源,30,4787.65
2026-09-28,华东,机械键盘,81,40042.38
2026-09-27,华北,蓝牙耳机,104,20096.94
2026-09-22,华北,智能手环,165,50666.83
2026-09-18,华南,蓝牙耳机,128,24857.9
2026-09-21,华南,移动电源,24,3382.22
2026-09-02,华北,机械键盘,78,35545.04
2026-09-19,华北,蓝牙耳机,177,35217.58
2026-09-21,华西,蓝牙耳机,77,14218.61
2026-09-24,华北,机械键盘,159,77744.67
2026-09-08,华南,机械键盘,33,17309.39
2026-09-28,华东,蓝牙耳机,170,31529.44
2026-09-22,华西,智能手环,108,31527.45
2026-09-15,华北,智能手环,184,57444.65
2026-09-22,华北,移动电源,38,5428.16
2026-09-06,华西,智能手环,194,62366.35
2026-09-09,华南,智能手环,170,48780.99
2026-09-21,华南,蓝牙耳机,105,21992.03
2026-09-18,华东,移动电源,135,18181.85
